customer_id,customer_type,region,annual_rev_band,sla_hours,active_flag,rfm_segment,recency_days,frequency_count,monetary_value,recency_score,frequency_score,monetary_score,scoring_date,last_order_date,lifetime_revenue,lifetime_orders
CUST-00001,E-Commerce,Southwest,<50K,72,True,New Customers,0,169,5340883.82,5,2,2,2023-12-31,2023-12-31,5340883.82,169
CUST-00002,E-Commerce,International,50K-200K,48,True,Hibernating,4,167,4213419.64,2,2,1,2023-12-31,2023-12-27,4213419.64,167
CUST-00003,Healthcare,International,<50K,48,True,Potential Loyalists,2,169,5315805.89,3,2,2,2023-12-31,2023-12-29,5315805.89,169
CUST-00004,Manufacturer,West,<50K,72,True,Hibernating,6,154,3797956.41,2,1,1,2023-12-31,2023-12-25,3797956.41,154
CUST-00005,E-Commerce,West,50K-200K,24,True,Potential Loyalists,0,182,5060957.35,5,4,2,2023-12-31,2023-12-31,5060957.35,182
CUST-00007,Retailer,Midwest,<50K,72,True,Loyal Customers,0,177,8064267.8,5,3,5,2023-12-31,2023-12-31,8064267.8,177
CUST-00009,E-Commerce,Northeast,<50K,48,True,Need Attention,11,187,4760449.59,1,5,1,2023-12-31,2023-12-20,4760449.59,187
CUST-00010,Distributor,West,200K-1M,96,True,Loyal Customers,2,199,5933477.85,3,5,3,2023-12-31,2023-12-29,5933477.85,199
CUST-00011,Manufacturer,Southeast,<50K,72,True,Lost,7,160,5279454.14,1,1,2,2023-12-31,2023-12-24,5279454.14,160
CUST-00012,Retailer,International,<50K,48,True,Lost,22,156,5026082.06,1,1,2,2023-12-31,2023-12-09,5026082.06,156
CUST-00013,Distributor,Southeast,50K-200K,72,True,Champions,0,190,8781812.41,5,5,5,2023-12-31,2023-12-31,8781812.41,190
CUST-00014,Distributor,International,<50K,48,True,Need Attention,12,176,5080679.97,1,3,2,2023-12-31,2023-12-19,5080679.97,176
CUST-00015,Distributor,International,200K-1M,48,True,At Risk,8,190,6662659.72,1,5,4,2023-12-31,2023-12-23,6662659.72,190
CUST-00016,E-Commerce,Midwest,50K-200K,48,True,At Risk,5,178,7682155.29,2,4,5,2023-12-31,2023-12-26,7682155.29,178
CUST-00017,Distributor,West,50K-200K,48,True,Potential Loyalists,2,165,7502734.25,3,2,5,2023-12-31,2023-12-29,7502734.25,165
CUST-00018,Distributor,Northeast,50K-200K,72,True,Need Attention,2,159,4131770.1,3,1,1,2023-12-31,2023-12-29,4131770.1,159
CUST-00019,Distributor,Northeast,<50K,48,True,At Risk,4,175,7309058.92,2,3,5,2023-12-31,2023-12-27,7309058.92,175
CUST-00020,Distributor,Southwest,50K-200K,72,True,New Customers,0,161,4623084.52,5,1,1,2023-12-31,2023-12-31,4623084.52,161
CUST-00021,Manufacturer,International,<50K,72,True,New Customers,0,163,3618923.9,5,2,1,2023-12-31,2023-12-31,3618923.9,163
CUST-00023,E-Commerce,Midwest,<50K,72,True,Potential Loyalists,2,158,5090617.47,3,1,2,2023-12-31,2023-12-29,5090617.47,158
CUST-00024,E-Commerce,International,50K-200K,48,True,Potential Loyalists,3,164,6471668.93,3,2,4,2023-12-31,2023-12-28,6471668.93,164
CUST-00025,E-Commerce,Midwest,50K-200K,48,True,At Risk,22,170,6641114.82,1,3,4,2023-12-31,2023-12-09,6641114.82,170
CUST-00026,E-Commerce,Northeast,<50K,72,True,At Risk,6,177,6267169.97,2,3,4,2023-12-31,2023-12-25,6267169.97,177
CUST-00027,Manufacturer,Northeast,<50K,48,True,Champions,1,190,7943061.96,4,5,5,2023-12-31,2023-12-30,7943061.96,190
CUST-00029,Retailer,Northeast,200K-1M,24,True,At Risk,9,190,6161765.44,1,5,4,2023-12-31,2023-12-22,6161765.44,190
CUST-00030,Retailer,International,<50K,24,True,Lost,7,158,4624769.05,1,1,1,2023-12-31,2023-12-24,4624769.05,158
CUST-00032,Retailer,International,>1M,48,True,New Customers,1,156,7189074.99,4,1,5,2023-12-31,2023-12-30,7189074.99,156
CUST-00033,E-Commerce,Southwest,200K-1M,96,True,Promising,5,158,5658137.48,2,1,3,2023-12-31,2023-12-26,5658137.48,158
CUST-00034,Government,Southwest,<50K,48,True,Loyal Customers,2,185,6098979.49,3,4,4,2023-12-31,2023-12-29,6098979.49,185
CUST-00035,Retailer,Northeast,50K-200K,48,True,Loyal Customers,2,197,6868712.39,3,5,4,2023-12-31,2023-12-29,6868712.39,197
CUST-00036,Retailer,Southeast,<50K,48,True,Loyal Customers,2,178,6037528.86,3,4,3,2023-12-31,2023-12-29,6037528.86,178
CUST-00037,Retailer,Southeast,>1M,24,True,New Customers,0,137,4055168.87,5,1,1,2023-12-31,2023-12-31,4055168.87,137
CUST-00038,E-Commerce,Southwest,50K-200K,96,True,Need Attention,4,172,4527653.21,2,3,1,2023-12-31,2023-12-27,4527653.21,172
CUST-00039,E-Commerce,Northeast,<50K,72,True,Need Attention,9,192,4733027.18,1,5,1,2023-12-31,2023-12-22,4733027.18,192
CUST-00040,Retailer,Southeast,50K-200K,72,True,Need Attention,2,163,3354040.26,3,2,1,2023-12-31,2023-12-29,3354040.26,163
CUST-00041,Government,Northeast,<50K,24,True,Lost,10,155,5467243.0,1,1,2,2023-12-31,2023-12-21,5467243.0,155
CUST-00042,Manufacturer,Northeast,>1M,48,True,Potential Loyalists,0,188,5108456.82,5,5,2,2023-12-31,2023-12-31,5108456.82,188
CUST-00043,Retailer,Northeast,>1M,48,True,New Customers,1,169,7329920.36,4,2,5,2023-12-31,2023-12-30,7329920.36,169
CUST-00044,E-Commerce,West,50K-200K,72,True,Need Attention,1,171,4531721.31,4,3,1,2023-12-31,2023-12-30,4531721.31,171
CUST-00045,Manufacturer,International,<50K,24,True,New Customers,1,158,4508943.25,4,1,1,2023-12-31,2023-12-30,4508943.25,158
CUST-00047,Retailer,West,<50K,96,True,Potential Loyalists,3,167,7630832.14,3,2,5,2023-12-31,2023-12-28,7630832.14,167
CUST-00048,Retailer,Southwest,<50K,48,True,Potential Loyalists,2,167,5872660.94,3,2,3,2023-12-31,2023-12-29,5872660.94,167
CUST-00049,Retailer,Southeast,200K-1M,48,True,Potential Loyalists,1,175,4997315.8,4,3,2,2023-12-31,2023-12-30,4997315.8,175
CUST-00050,Manufacturer,International,<50K,24,True,Loyal Customers,0,176,6141143.13,5,3,4,2023-12-31,2023-12-31,6141143.13,176
CUST-00052,Retailer,International,>1M,24,True,New Customers,1,167,4116052.4,4,2,1,2023-12-31,2023-12-30,4116052.4,167
CUST-00053,Retailer,Southeast,<50K,72,True,Hibernating,9,168,5257702.34,1,2,2,2023-12-31,2023-12-22,5257702.34,168
CUST-00054,Retailer,International,<50K,72,True,Loyal Customers,2,173,7265288.69,3,3,5,2023-12-31,2023-12-29,7265288.69,173
CUST-00056,Manufacturer,Southeast,<50K,72,True,Need Attention,9,169,8358724.45,1,2,5,2023-12-31,2023-12-22,8358724.45,169
CUST-00057,Retailer,Southeast,200K-1M,24,True,Need Attention,4,176,4644177.09,2,3,1,2023-12-31,2023-12-27,4644177.09,176
CUST-00058,Retailer,Southeast,>1M,48,True,Loyal Customers,1,181,5901780.12,4,4,3,2023-12-31,2023-12-30,5901780.12,181
CUST-00059,Retailer,Southwest,200K-1M,72,True,Potential Loyalists,3,166,6013310.56,3,2,3,2023-12-31,2023-12-28,6013310.56,166
CUST-00060,E-Commerce,Northeast,50K-200K,72,True,Need Attention,4,178,5409869.15,2,4,2,2023-12-31,2023-12-27,5409869.15,178
CUST-00063,Retailer,Midwest,200K-1M,24,True,Potential Loyalists,2,172,5435811.54,3,3,2,2023-12-31,2023-12-29,5435811.54,172
CUST-00066,Retailer,Northeast,<50K,48,True,Potential Loyalists,2,178,5168097.16,3,4,2,2023-12-31,2023-12-29,5168097.16,178
CUST-00067,Distributor,International,<50K,48,True,Loyal Customers,3,195,5507333.71,3,5,3,2023-12-31,2023-12-28,5507333.71,195
CUST-00068,Manufacturer,Northeast,<50K,48,True,At Risk,5,176,7783704.64,2,3,5,2023-12-31,2023-12-26,7783704.64,176
CUST-00069,Government,Northeast,50K-200K,48,True,At Risk,7,182,7263704.81,1,4,5,2023-12-31,2023-12-24,7263704.81,182
CUST-00070,Distributor,Southeast,50K-200K,48,True,Loyal Customers,2,182,6649221.05,3,4,4,2023-12-31,2023-12-29,6649221.05,182
CUST-00071,Distributor,Southwest,200K-1M,48,True,New Customers,1,169,6040194.8,4,2,3,2023-12-31,2023-12-30,6040194.8,169
CUST-00072,Government,Southeast,50K-200K,72,True,Loyal Customers,0,170,5921598.03,5,3,3,2023-12-31,2023-12-31,5921598.03,170
CUST-00074,Retailer,International,50K-200K,96,True,Potential Loyalists,3,162,5652573.83,3,2,3,2023-12-31,2023-12-28,5652573.83,162
CUST-00075,Government,Southwest,50K-200K,72,True,New Customers,1,165,4999650.37,4,2,2,2023-12-31,2023-12-30,4999650.37,165
CUST-00076,Retailer,International,50K-200K,24,True,Champions,0,205,7634353.01,5,5,5,2023-12-31,2023-12-31,7634353.01,205
CUST-00077,E-Commerce,Midwest,50K-200K,72,True,Hibernating,9,163,3893136.25,1,2,1,2023-12-31,2023-12-22,3893136.25,163
CUST-00079,Retailer,Southwest,200K-1M,48,True,Need Attention,7,180,5006280.21,1,4,2,2023-12-31,2023-12-24,5006280.21,180
CUST-00080,Retailer,Southwest,<50K,48,True,New Customers,1,163,4363403.88,4,2,1,2023-12-31,2023-12-30,4363403.88,163
CUST-00082,Retailer,Southeast,50K-200K,48,True,New Customers,1,164,6622854.37,4,2,4,2023-12-31,2023-12-30,6622854.37,164
CUST-00083,Retailer,International,<50K,48,True,Need Attention,2,157,4073929.24,3,1,1,2023-12-31,2023-12-29,4073929.24,157
CUST-00084,Retailer,Southeast,<50K,72,True,Potential Loyalists,3,160,5778609.37,3,1,3,2023-12-31,2023-12-28,5778609.37,160
CUST-00085,Distributor,Midwest,<50K,72,True,Need Attention,0,178,4799467.77,5,4,1,2023-12-31,2023-12-31,4799467.77,178
CUST-00086,Healthcare,Northeast,50K-200K,48,True,At Risk,6,170,5779028.83,2,3,3,2023-12-31,2023-12-25,5779028.83,170
CUST-00087,Distributor,Southwest,<50K,72,True,At Risk,11,172,6988580.18,1,3,5,2023-12-31,2023-12-20,6988580.18,172
CUST-00088,E-Commerce,Southeast,50K-200K,24,True,Need Attention,11,185,5230771.44,1,4,2,2023-12-31,2023-12-20,5230771.44,185
CUST-00089,Manufacturer,International,>1M,48,True,Champions,0,179,6585536.45,5,4,4,2023-12-31,2023-12-31,6585536.45,179
CUST-00090,Distributor,Midwest,<50K,72,True,Potential Loyalists,0,190,5374377.95,5,5,2,2023-12-31,2023-12-31,5374377.95,190
CUST-00092,Retailer,International,<50K,24,True,Promising,6,150,7374771.92,2,1,5,2023-12-31,2023-12-25,7374771.92,150
CUST-00095,Distributor,West,<50K,96,True,New Customers,0,159,5489289.17,5,1,3,2023-12-31,2023-12-31,5489289.17,159
CUST-00096,Manufacturer,Northeast,<50K,48,True,New Customers,0,152,7540070.91,5,1,5,2023-12-31,2023-12-31,7540070.91,152
CUST-00097,Retailer,West,200K-1M,96,True,Champions,1,185,8873089.21,4,4,5,2023-12-31,2023-12-30,8873089.21,185
CUST-00098,Distributor,Midwest,50K-200K,48,True,Potential Loyalists,2,156,6783551.97,3,1,4,2023-12-31,2023-12-29,6783551.97,156
CUST-00099,E-Commerce,Southeast,200K-1M,48,True,At Risk,25,181,7511319.97,1,4,5,2023-12-31,2023-12-06,7511319.97,181
CUST-00100,Distributor,Midwest,200K-1M,48,True,Hibernating,8,163,5007717.17,1,2,2,2023-12-31,2023-12-23,5007717.17,163
CUST-00101,Manufacturer,International,<50K,72,True,New Customers,0,157,6388597.56,5,1,4,2023-12-31,2023-12-31,6388597.56,157
CUST-00105,Distributor,West,50K-200K,48,True,Champions,1,202,6783700.14,4,5,4,2023-12-31,2023-12-30,6783700.14,202
CUST-00106,Distributor,Midwest,200K-1M,96,True,Need Attention,1,170,3565385.27,4,3,1,2023-12-31,2023-12-30,3565385.27,170
CUST-00107,Distributor,Southwest,<50K,72,True,Lost,8,153,4037778.93,1,1,1,2023-12-31,2023-12-23,4037778.93,153
CUST-00108,Distributor,Southeast,<50K,72,True,Lost,8,161,4788483.17,1,1,1,2023-12-31,2023-12-23,4788483.17,161
CUST-00109,Manufacturer,International,<50K,24,True,New Customers,1,153,3701588.35,4,1,1,2023-12-31,2023-12-30,3701588.35,153
CUST-00110,Retailer,Southeast,<50K,48,True,Need Attention,5,170,4472437.86,2,3,1,2023-12-31,2023-12-26,4472437.86,170
CUST-00111,Retailer,Midwest,<50K,48,True,At Risk,12,180,7022736.16,1,4,5,2023-12-31,2023-12-19,7022736.16,180
CUST-00112,Retailer,International,<50K,48,True,Loyal Customers,3,173,5704418.36,3,3,3,2023-12-31,2023-12-28,5704418.36,173
CUST-00114,Retailer,Northeast,50K-200K,72,True,Loyal Customers,2,181,6300360.83,3,4,4,2023-12-31,2023-12-29,6300360.83,181
CUST-00115,Government,Midwest,200K-1M,24,True,Potential Loyalists,2,157,5232193.32,3,1,2,2023-12-31,2023-12-29,5232193.32,157
CUST-00116,Distributor,Midwest,50K-200K,48,True,Hibernating,4,167,4580787.86,2,2,1,2023-12-31,2023-12-27,4580787.86,167
CUST-00118,Healthcare,Southeast,50K-200K,72,True,Lost,10,160,3607390.46,1,1,1,2023-12-31,2023-12-21,3607390.46,160
CUST-00119,Manufacturer,Midwest,<50K,48,True,New Customers,0,162,4460729.51,5,2,1,2023-12-31,2023-12-31,4460729.51,162
CUST-00120,Manufacturer,Midwest,>1M,72,True,Loyal Customers,2,173,6505377.63,3,3,4,2023-12-31,2023-12-29,6505377.63,173
CUST-00122,E-Commerce,West,50K-200K,24,True,Champions,0,183,7837662.43,5,4,5,2023-12-31,2023-12-31,7837662.43,183
CUST-00123,Retailer,International,>1M,72,True,Loyal Customers,3,192,8135734.99,3,5,5,2023-12-31,2023-12-28,8135734.99,192
CUST-00124,Retailer,Northeast,200K-1M,48,True,Potential Loyalists,3,163,5557236.72,3,2,3,2023-12-31,2023-12-28,5557236.72,163
CUST-00126,E-Commerce,Northeast,200K-1M,48,True,Potential Loyalists,0,200,5202289.6,5,5,2,2023-12-31,2023-12-31,5202289.6,200
CUST-00128,E-Commerce,West,50K-200K,48,True,Loyal Customers,1,193,5494797.23,4,5,3,2023-12-31,2023-12-30,5494797.23,193
CUST-00131,E-Commerce,Southwest,50K-200K,72,True,Hibernating,4,167,4749575.42,2,2,1,2023-12-31,2023-12-27,4749575.42,167
CUST-00132,Manufacturer,West,50K-200K,48,True,Hibernating,6,161,5166908.55,2,1,2,2023-12-31,2023-12-25,5166908.55,161
CUST-00133,Healthcare,Southwest,50K-200K,48,True,Potential Loyalists,2,167,5406318.37,3,2,2,2023-12-31,2023-12-29,5406318.37,167
CUST-00134,E-Commerce,Southwest,<50K,24,True,Need Attention,7,176,4878495.56,1,3,2,2023-12-31,2023-12-24,4878495.56,176
CUST-00135,Manufacturer,Southwest,<50K,24,True,New Customers,1,163,7324867.42,4,2,5,2023-12-31,2023-12-30,7324867.42,163
CUST-00136,Healthcare,International,<50K,72,True,Loyal Customers,1,170,7343497.6,4,3,5,2023-12-31,2023-12-30,7343497.6,170
CUST-00137,Healthcare,Southwest,<50K,48,True,Loyal Customers,2,177,8015326.81,3,3,5,2023-12-31,2023-12-29,8015326.81,177
CUST-00138,Retailer,Southwest,<50K,24,True,Need Attention,7,177,5374078.73,1,3,2,2023-12-31,2023-12-24,5374078.73,177
CUST-00139,Distributor,Southeast,50K-200K,72,True,New Customers,1,145,6128853.53,4,1,4,2023-12-31,2023-12-30,6128853.53,145
CUST-00140,Retailer,Northeast,<50K,72,True,Promising,5,155,5679075.06,2,1,3,2023-12-31,2023-12-26,5679075.06,155
CUST-00142,E-Commerce,Northeast,<50K,48,True,Champions,1,178,8074666.4,4,4,5,2023-12-31,2023-12-30,8074666.4,178
CUST-00143,E-Commerce,Southwest,<50K,48,True,Champions,1,199,6656070.0,4,5,4,2023-12-31,2023-12-30,6656070.0,199
CUST-00144,Manufacturer,Southeast,50K-200K,48,True,Promising,6,166,8222420.58,2,2,5,2023-12-31,2023-12-25,8222420.58,166
CUST-00145,Retailer,West,50K-200K,24,True,At Risk,8,183,6648372.98,1,4,4,2023-12-31,2023-12-23,6648372.98,183
CUST-00146,Government,Southeast,<50K,72,True,Lost,16,147,5964416.98,1,1,3,2023-12-31,2023-12-15,5964416.98,147
CUST-00147,E-Commerce,Southwest,200K-1M,72,True,Need Attention,14,174,4297151.8,1,3,1,2023-12-31,2023-12-17,4297151.8,174
CUST-00148,E-Commerce,Southeast,200K-1M,72,True,At Risk,7,173,5735029.84,1,3,3,2023-12-31,2023-12-24,5735029.84,173
CUST-00149,Government,Southeast,<50K,72,True,Loyal Customers,1,181,5902965.65,4,4,3,2023-12-31,2023-12-30,5902965.65,181
CUST-00150,E-Commerce,Southwest,<50K,48,True,At Risk,4,181,5996139.58,2,4,3,2023-12-31,2023-12-27,5996139.58,181
CUST-00151,Retailer,International,>1M,72,True,At Risk,7,178,6767712.87,1,4,4,2023-12-31,2023-12-24,6767712.87,178
CUST-00152,Manufacturer,Southeast,50K-200K,48,True,Promising,5,166,7800342.0,2,2,5,2023-12-31,2023-12-26,7800342.0,166
CUST-00153,Distributor,Midwest,50K-200K,48,True,Potential Loyalists,1,180,5141012.12,4,4,2,2023-12-31,2023-12-30,5141012.12,180
CUST-00154,Retailer,Midwest,200K-1M,48,True,At Risk,10,194,9141844.56,1,5,5,2023-12-31,2023-12-21,9141844.56,194
CUST-00155,Manufacturer,Southeast,<50K,24,True,Champions,0,191,6657749.69,5,5,4,2023-12-31,2023-12-31,6657749.69,191
CUST-00157,Manufacturer,West,<50K,96,True,Promising,6,160,6729043.87,2,1,4,2023-12-31,2023-12-25,6729043.87,160
CUST-00158,Distributor,Southwest,200K-1M,48,True,Potential Loyalists,2,182,5347205.43,3,4,2,2023-12-31,2023-12-29,5347205.43,182
CUST-00159,Manufacturer,Midwest,50K-200K,24,True,Loyal Customers,1,177,6471731.94,4,3,4,2023-12-31,2023-12-30,6471731.94,177
CUST-00160,Retailer,West,50K-200K,48,True,Champions,1,186,6262022.95,4,5,4,2023-12-31,2023-12-30,6262022.95,186
CUST-00163,Retailer,Northeast,50K-200K,72,True,New Customers,0,144,4532486.39,5,1,1,2023-12-31,2023-12-31,4532486.39,144
CUST-00164,E-Commerce,Midwest,50K-200K,24,True,At Risk,5,173,5932182.74,2,3,3,2023-12-31,2023-12-26,5932182.74,173
CUST-00165,Healthcare,Southeast,50K-200K,72,True,Loyal Customers,0,172,6768569.46,5,3,4,2023-12-31,2023-12-31,6768569.46,172
CUST-00166,Distributor,Southwest,<50K,48,True,At Risk,5,188,7436124.66,2,5,5,2023-12-31,2023-12-26,7436124.66,188
CUST-00167,Retailer,International,200K-1M,72,True,Need Attention,12,163,6140248.22,1,2,4,2023-12-31,2023-12-19,6140248.22,163
CUST-00168,Distributor,Southeast,<50K,72,True,At Risk,6,193,8342990.5,2,5,5,2023-12-31,2023-12-25,8342990.5,193
CUST-00169,Distributor,Southwest,>1M,24,True,New Customers,1,155,5995136.45,4,1,3,2023-12-31,2023-12-30,5995136.45,155
CUST-00171,E-Commerce,International,50K-200K,24,True,Need Attention,4,175,5469506.8,2,3,2,2023-12-31,2023-12-27,5469506.8,175
CUST-00173,Retailer,West,200K-1M,48,True,Potential Loyalists,3,142,5152631.73,3,1,2,2023-12-31,2023-12-28,5152631.73,142
CUST-00174,E-Commerce,West,50K-200K,72,True,Champions,0,187,6277210.13,5,5,4,2023-12-31,2023-12-31,6277210.13,187
CUST-00175,Distributor,International,<50K,48,True,Lost,8,142,4000774.06,1,1,1,2023-12-31,2023-12-23,4000774.06,142
CUST-00176,Retailer,West,<50K,48,True,At Risk,5,171,6824345.22,2,3,4,2023-12-31,2023-12-26,6824345.22,171
CUST-00177,Government,Northeast,<50K,24,True,Champions,1,190,7394059.63,4,5,5,2023-12-31,2023-12-30,7394059.63,190
CUST-00178,E-Commerce,International,<50K,24,True,Hibernating,6,144,4194854.39,2,1,1,2023-12-31,2023-12-25,4194854.39,144
CUST-00180,Manufacturer,Southwest,50K-200K,48,True,Need Attention,0,204,4805924.26,5,5,1,2023-12-31,2023-12-31,4805924.26,204
CUST-00181,Distributor,West,200K-1M,72,True,Hibernating,15,163,4784812.51,1,2,1,2023-12-31,2023-12-16,4784812.51,163
CUST-00182,Manufacturer,International,50K-200K,72,True,New Customers,0,151,5142201.9,5,1,2,2023-12-31,2023-12-31,5142201.9,151
CUST-00184,Retailer,Southwest,<50K,72,True,Need Attention,0,174,4048934.34,5,3,1,2023-12-31,2023-12-31,4048934.34,174
CUST-00186,Distributor,International,200K-1M,96,True,Promising,6,169,7208495.63,2,2,5,2023-12-31,2023-12-25,7208495.63,169
CUST-00187,E-Commerce,Northeast,>1M,24,True,Lost,16,159,7568124.92,1,1,5,2023-12-31,2023-12-15,7568124.92,159
CUST-00188,Retailer,Midwest,<50K,24,True,At Risk,5,195,6271419.31,2,5,4,2023-12-31,2023-12-26,6271419.31,195
CUST-00190,Retailer,Northeast,50K-200K,96,True,Champions,1,187,7108021.31,4,5,5,2023-12-31,2023-12-30,7108021.31,187
CUST-00191,Retailer,Southwest,>1M,72,True,New Customers,0,159,5039822.64,5,1,2,2023-12-31,2023-12-31,5039822.64,159
CUST-00192,E-Commerce,Southeast,<50K,24,True,At Risk,5,172,6936250.13,2,3,4,2023-12-31,2023-12-26,6936250.13,172
CUST-00193,Retailer,Midwest,50K-200K,48,True,New Customers,0,169,6870420.57,5,2,4,2023-12-31,2023-12-31,6870420.57,169
CUST-00194,E-Commerce,West,200K-1M,96,True,New Customers,0,167,7493812.49,5,2,5,2023-12-31,2023-12-31,7493812.49,167
CUST-00195,Distributor,West,<50K,48,True,New Customers,0,165,5926921.97,5,2,3,2023-12-31,2023-12-31,5926921.97,165
CUST-00197,Manufacturer,Southwest,50K-200K,72,True,Promising,5,163,6174916.41,2,2,4,2023-12-31,2023-12-26,6174916.41,163
CUST-00198,Distributor,Southwest,200K-1M,48,True,At Risk,4,196,7808123.33,2,5,5,2023-12-31,2023-12-27,7808123.33,196
CUST-00199,Manufacturer,West,<50K,48,True,Promising,6,156,5756226.81,2,1,3,2023-12-31,2023-12-25,5756226.81,156
CUST-00200,Distributor,Midwest,50K-200K,48,True,Loyal Customers,2,215,6841380.62,3,5,4,2023-12-31,2023-12-29,6841380.62,215
CUST-00201,Distributor,Southeast,50K-200K,48,True,At Risk,4,182,5697653.14,2,4,3,2023-12-31,2023-12-27,5697653.14,182
CUST-00202,Healthcare,Midwest,50K-200K,72,True,Potential Loyalists,3,195,5228531.37,3,5,2,2023-12-31,2023-12-28,5228531.37,195
CUST-00203,Retailer,International,50K-200K,48,True,Lost,14,157,4103509.8,1,1,1,2023-12-31,2023-12-17,4103509.8,157
CUST-00204,Retailer,International,50K-200K,72,True,Need Attention,12,165,6284219.2,1,2,4,2023-12-31,2023-12-19,6284219.2,165
CUST-00205,Manufacturer,Southeast,50K-200K,24,True,Champions,0,178,6517613.47,5,4,4,2023-12-31,2023-12-31,6517613.47,178
CUST-00206,Retailer,West,50K-200K,96,True,Loyal Customers,2,183,6212449.82,3,4,4,2023-12-31,2023-12-29,6212449.82,183
CUST-00207,Manufacturer,Southeast,50K-200K,48,True,New Customers,1,166,8790279.88,4,2,5,2023-12-31,2023-12-30,8790279.88,166
CUST-00208,Distributor,Southwest,50K-200K,24,True,New Customers,1,163,5843267.9,4,2,3,2023-12-31,2023-12-30,5843267.9,163
CUST-00209,Government,International,200K-1M,24,True,Need Attention,0,184,3997653.61,5,4,1,2023-12-31,2023-12-31,3997653.61,184
CUST-00210,E-Commerce,Northeast,<50K,72,True,At Risk,9,174,6705094.29,1,3,4,2023-12-31,2023-12-22,6705094.29,174
CUST-00211,E-Commerce,Northeast,200K-1M,72,True,Need Attention,3,161,4633231.69,3,1,1,2023-12-31,2023-12-28,4633231.69,161
CUST-00213,Distributor,Southwest,<50K,24,True,Loyal Customers,2,173,5700771.37,3,3,3,2023-12-31,2023-12-29,5700771.37,173
CUST-00214,Healthcare,Midwest,50K-200K,24,True,At Risk,13,209,5689393.73,1,5,3,2023-12-31,2023-12-18,5689393.73,209
CUST-00217,Retailer,Northeast,<50K,48,True,Need Attention,4,194,5474392.02,2,5,2,2023-12-31,2023-12-27,5474392.02,194
CUST-00218,Distributor,International,<50K,96,True,At Risk,7,187,7465461.28,1,5,5,2023-12-31,2023-12-24,7465461.28,187
CUST-00219,Retailer,Southwest,<50K,96,True,Need Attention,6,180,4865706.44,2,4,2,2023-12-31,2023-12-25,4865706.44,180
CUST-00220,Manufacturer,Southwest,200K-1M,96,True,At Risk,4,174,5683307.82,2,3,3,2023-12-31,2023-12-27,5683307.82,174
CUST-00221,Manufacturer,Northeast,<50K,72,True,Potential Loyalists,2,160,6208216.06,3,1,4,2023-12-31,2023-12-29,6208216.06,160
CUST-00222,Healthcare,Midwest,200K-1M,48,True,Champions,0,197,6493934.52,5,5,4,2023-12-31,2023-12-31,6493934.52,197
CUST-00223,Retailer,West,50K-200K,48,True,New Customers,1,167,7285630.97,4,2,5,2023-12-31,2023-12-30,7285630.97,167
CUST-00224,E-Commerce,West,200K-1M,48,True,Need Attention,2,167,4619567.29,3,2,1,2023-12-31,2023-12-29,4619567.29,167
CUST-00225,Distributor,Southwest,50K-200K,72,True,At Risk,4,181,5484238.82,2,4,3,2023-12-31,2023-12-27,5484238.82,181
CUST-00226,Retailer,West,<50K,24,True,New Customers,1,157,5176958.35,4,1,2,2023-12-31,2023-12-30,5176958.35,157
CUST-00227,Distributor,Northeast,50K-200K,48,True,Loyal Customers,1,176,7157500.52,4,3,5,2023-12-31,2023-12-30,7157500.52,176
CUST-00228,Distributor,Northeast,<50K,24,True,Need Attention,12,180,5394832.85,1,4,2,2023-12-31,2023-12-19,5394832.85,180
CUST-00229,E-Commerce,Southwest,50K-200K,48,True,Champions,1,193,7152632.52,4,5,5,2023-12-31,2023-12-30,7152632.52,193
CUST-00230,E-Commerce,Southwest,200K-1M,72,True,Potential Loyalists,0,184,5080868.82,5,4,2,2023-12-31,2023-12-31,5080868.82,184
CUST-00232,Retailer,Southwest,<50K,48,True,Hibernating,6,148,5130771.24,2,1,2,2023-12-31,2023-12-25,5130771.24,148
CUST-00233,Retailer,Midwest,50K-200K,96,True,Champions,1,206,7887825.86,4,5,5,2023-12-31,2023-12-30,7887825.86,206
CUST-00234,Retailer,West,200K-1M,72,True,Need Attention,4,176,4623412.35,2,3,1,2023-12-31,2023-12-27,4623412.35,176
CUST-00235,Healthcare,Southwest,50K-200K,24,True,Loyal Customers,0,175,6764543.98,5,3,4,2023-12-31,2023-12-31,6764543.98,175
CUST-00236,Retailer,Southeast,<50K,48,True,Loyal Customers,2,191,6527429.86,3,5,4,2023-12-31,2023-12-29,6527429.86,191
CUST-00237,Retailer,International,50K-200K,48,True,Loyal Customers,3,171,6550498.72,3,3,4,2023-12-31,2023-12-28,6550498.72,171
CUST-00238,Retailer,Southeast,<50K,24,True,Hibernating,4,158,4144323.52,2,1,1,2023-12-31,2023-12-27,4144323.52,158
CUST-00239,Manufacturer,Northeast,50K-200K,96,True,Need Attention,4,178,5253829.88,2,4,2,2023-12-31,2023-12-27,5253829.88,178
CUST-00241,Manufacturer,Southwest,50K-200K,72,True,New Customers,1,167,6441322.84,4,2,4,2023-12-31,2023-12-30,6441322.84,167
CUST-00244,Retailer,Northeast,50K-200K,48,True,Loyal Customers,2,190,6408499.95,3,5,4,2023-12-31,2023-12-29,6408499.95,190
CUST-00245,Healthcare,Midwest,200K-1M,24,True,Loyal Customers,3,186,6896845.68,3,5,4,2023-12-31,2023-12-28,6896845.68,186
CUST-00247,E-Commerce,West,200K-1M,96,True,Promising,6,166,6130406.44,2,2,4,2023-12-31,2023-12-25,6130406.44,166
CUST-00249,E-Commerce,Midwest,50K-200K,72,True,Hibernating,4,167,4721380.77,2,2,1,2023-12-31,2023-12-27,4721380.77,167
CUST-00251,Healthcare,Northeast,50K-200K,24,True,Loyal Customers,1,174,9257346.0,4,3,5,2023-12-31,2023-12-30,9257346.0,174
CUST-00252,Government,Northeast,<50K,24,True,Hibernating,8,167,3901215.02,1,2,1,2023-12-31,2023-12-23,3901215.02,167
CUST-00253,E-Commerce,Midwest,50K-200K,48,True,Champions,0,182,6863855.4,5,4,4,2023-12-31,2023-12-31,6863855.4,182
CUST-00254,E-Commerce,International,50K-200K,24,True,Loyal Customers,0,174,6133329.28,5,3,4,2023-12-31,2023-12-31,6133329.28,174
CUST-00255,Retailer,Southwest,200K-1M,48,True,At Risk,4,184,8156192.36,2,4,5,2023-12-31,2023-12-27,8156192.36,184
CUST-00257,Retailer,Southwest,<50K,48,True,Loyal Customers,3,210,7461193.02,3,5,5,2023-12-31,2023-12-28,7461193.02,210
CUST-00258,E-Commerce,West,50K-200K,24,True,At Risk,4,187,5851774.86,2,5,3,2023-12-31,2023-12-27,5851774.86,187
CUST-00259,Healthcare,Southeast,50K-200K,48,True,Promising,4,155,7146654.78,2,1,5,2023-12-31,2023-12-27,7146654.78,155
CUST-00260,E-Commerce,Midwest,50K-200K,96,True,Potential Loyalists,2,158,5110343.4,3,1,2,2023-12-31,2023-12-29,5110343.4,158
CUST-00261,Distributor,Midwest,50K-200K,72,True,New Customers,0,169,3744994.79,5,2,1,2023-12-31,2023-12-31,3744994.79,169
CUST-00262,Retailer,International,200K-1M,48,True,Need Attention,7,167,5613367.35,1,2,3,2023-12-31,2023-12-24,5613367.35,167
CUST-00263,Retailer,Southeast,50K-200K,24,True,Potential Loyalists,3,157,6597880.09,3,1,4,2023-12-31,2023-12-28,6597880.09,157
CUST-00264,E-Commerce,Northeast,50K-200K,96,True,Need Attention,3,162,4835109.16,3,2,1,2023-12-31,2023-12-28,4835109.16,162
CUST-00265,Retailer,Southeast,<50K,72,True,At Risk,7,176,7035020.55,1,3,5,2023-12-31,2023-12-24,7035020.55,176
CUST-00266,Retailer,West,<50K,48,True,Loyal Customers,2,182,5482276.92,3,4,3,2023-12-31,2023-12-29,5482276.92,182
CUST-00267,Distributor,Northeast,<50K,72,True,Need Attention,1,186,2913752.84,4,5,1,2023-12-31,2023-12-30,2913752.84,186
CUST-00268,Manufacturer,Midwest,<50K,48,True,Loyal Customers,1,203,5488312.96,4,5,3,2023-12-31,2023-12-30,5488312.96,203
CUST-00269,E-Commerce,Southeast,50K-200K,48,True,Promising,4,163,5812392.0,2,2,3,2023-12-31,2023-12-27,5812392.0,163
CUST-00271,Distributor,International,50K-200K,48,True,Need Attention,3,193,4684080.76,3,5,1,2023-12-31,2023-12-28,4684080.76,193
CUST-00272,Distributor,Southwest,200K-1M,96,True,Need Attention,6,183,5008960.99,2,4,2,2023-12-31,2023-12-25,5008960.99,183
CUST-00273,E-Commerce,International,>1M,72,True,Champions,0,183,7364232.53,5,4,5,2023-12-31,2023-12-31,7364232.53,183
CUST-00274,E-Commerce,West,200K-1M,48,True,Lost,7,152,5654096.29,1,1,3,2023-12-31,2023-12-24,5654096.29,152
CUST-00275,Distributor,Southwest,50K-200K,24,True,Loyal Customers,3,188,6298000.43,3,5,4,2023-12-31,2023-12-28,6298000.43,188
CUST-00276,E-Commerce,Southeast,50K-200K,24,True,Potential Loyalists,2,169,5054483.45,3,2,2,2023-12-31,2023-12-29,5054483.45,169
CUST-00277,Distributor,Southeast,50K-200K,48,True,Hibernating,14,164,5071387.46,1,2,2,2023-12-31,2023-12-17,5071387.46,164
CUST-00278,Government,Southwest,<50K,72,True,New Customers,0,146,3506051.82,5,1,1,2023-12-31,2023-12-31,3506051.82,146
CUST-00280,Distributor,West,200K-1M,48,True,Need Attention,4,182,4984438.43,2,4,2,2023-12-31,2023-12-27,4984438.43,182
CUST-00282,E-Commerce,West,<50K,24,True,Potential Loyalists,3,150,5518835.54,3,1,3,2023-12-31,2023-12-28,5518835.54,150
CUST-00283,Manufacturer,International,50K-200K,72,True,New Customers,1,155,4854335.63,4,1,2,2023-12-31,2023-12-30,4854335.63,155
CUST-00284,Distributor,West,200K-1M,24,True,New Customers,1,167,7640734.46,4,2,5,2023-12-31,2023-12-30,7640734.46,167
CUST-00285,E-Commerce,International,<50K,96,True,New Customers,0,166,5284118.13,5,2,2,2023-12-31,2023-12-31,5284118.13,166
CUST-00287,Distributor,Northeast,200K-1M,24,True,Lost,7,157,5587788.05,1,1,3,2023-12-31,2023-12-24,5587788.05,157
CUST-00288,Distributor,Southeast,50K-200K,48,True,Need Attention,7,175,5283484.43,1,3,2,2023-12-31,2023-12-24,5283484.43,175
CUST-00290,Distributor,Southeast,50K-200K,72,True,New Customers,1,161,5345064.17,4,1,2,2023-12-31,2023-12-30,5345064.17,161
CUST-00291,Distributor,International,200K-1M,72,True,Champions,1,192,6953969.97,4,5,4,2023-12-31,2023-12-30,6953969.97,192
CUST-00292,Healthcare,Southeast,50K-200K,72,True,Need Attention,15,170,4192264.22,1,3,1,2023-12-31,2023-12-16,4192264.22,170
CUST-00293,Retailer,Southeast,<50K,24,True,Need Attention,3,186,4477271.76,3,5,1,2023-12-31,2023-12-28,4477271.76,186
CUST-00294,Retailer,Northeast,<50K,24,True,New Customers,0,145,4027608.45,5,1,1,2023-12-31,2023-12-31,4027608.45,145
CUST-00295,Distributor,Southeast,50K-200K,24,True,Loyal Customers,2,187,6438378.54,3,5,4,2023-12-31,2023-12-29,6438378.54,187
CUST-00296,Government,Northeast,50K-200K,48,True,Need Attention,3,164,4449921.64,3,2,1,2023-12-31,2023-12-28,4449921.64,164
CUST-00297,Retailer,Southwest,200K-1M,72,True,Champions,1,197,6291975.69,4,5,4,2023-12-31,2023-12-30,6291975.69,197
CUST-00299,Retailer,Northeast,200K-1M,24,True,Loyal Customers,2,177,6078894.09,3,3,4,2023-12-31,2023-12-29,6078894.09,177
CUST-00300,Retailer,International,<50K,48,True,Need Attention,6,182,4898676.52,2,4,2,2023-12-31,2023-12-25,4898676.52,182
CUST-00302,Distributor,Northeast,<50K,72,True,Promising,6,165,6753727.7,2,2,4,2023-12-31,2023-12-25,6753727.7,165
CUST-00303,E-Commerce,Northeast,<50K,72,True,Hibernating,4,161,4950304.06,2,1,2,2023-12-31,2023-12-27,4950304.06,161
CUST-00305,Distributor,International,50K-200K,24,True,New Customers,0,142,4587316.89,5,1,1,2023-12-31,2023-12-31,4587316.89,142
CUST-00306,Retailer,West,<50K,72,True,Champions,0,190,8176348.71,5,5,5,2023-12-31,2023-12-31,8176348.71,190
CUST-00307,Retailer,West,50K-200K,72,True,Loyal Customers,0,186,6075500.04,5,5,3,2023-12-31,2023-12-31,6075500.04,186
CUST-00308,Distributor,Northeast,<50K,48,True,At Risk,5,187,5583965.48,2,5,3,2023-12-31,2023-12-26,5583965.48,187
CUST-00310,Retailer,International,>1M,72,True,Champions,0,191,6480529.05,5,5,4,2023-12-31,2023-12-31,6480529.05,191
CUST-00311,Distributor,Southwest,<50K,72,True,New Customers,1,161,4311820.26,4,1,1,2023-12-31,2023-12-30,4311820.26,161
CUST-00312,Retailer,Southeast,50K-200K,72,True,Champions,1,182,7121845.87,4,4,5,2023-12-31,2023-12-30,7121845.87,182
CUST-00313,Manufacturer,Southeast,<50K,48,True,Promising,5,166,6428335.59,2,2,4,2023-12-31,2023-12-26,6428335.59,166
CUST-00315,E-Commerce,Northeast,<50K,48,True,New Customers,0,158,6387430.91,5,1,4,2023-12-31,2023-12-31,6387430.91,158
CUST-00316,Retailer,Northeast,200K-1M,72,True,Champions,1,180,6389658.08,4,4,4,2023-12-31,2023-12-30,6389658.08,180
CUST-00318,Retailer,Northeast,<50K,72,True,New Customers,0,162,5371002.22,5,2,2,2023-12-31,2023-12-31,5371002.22,162
CUST-00319,Retailer,West,200K-1M,24,True,Champions,1,186,8229555.02,4,5,5,2023-12-31,2023-12-30,8229555.02,186
CUST-00322,Healthcare,West,50K-200K,72,True,New Customers,0,159,4753612.78,5,1,1,2023-12-31,2023-12-31,4753612.78,159
CUST-00323,Manufacturer,Northeast,50K-200K,72,True,Potential Loyalists,3,186,5216204.24,3,5,2,2023-12-31,2023-12-28,5216204.24,186
CUST-00324,Retailer,Midwest,<50K,72,True,New Customers,0,163,8074630.39,5,2,5,2023-12-31,2023-12-31,8074630.39,163
CUST-00325,E-Commerce,Southwest,<50K,48,True,Loyal Customers,0,187,5928412.75,5,5,3,2023-12-31,2023-12-31,5928412.75,187
CUST-00326,Healthcare,Southeast,>1M,48,True,Lost,7,155,5637831.21,1,1,3,2023-12-31,2023-12-24,5637831.21,155
CUST-00327,Government,West,<50K,24,True,Potential Loyalists,2,180,5474166.74,3,4,2,2023-12-31,2023-12-29,5474166.74,180
CUST-00328,E-Commerce,International,>1M,48,True,Loyal Customers,3,173,6953713.56,3,3,4,2023-12-31,2023-12-28,6953713.56,173
CUST-00329,Government,International,50K-200K,72,True,At Risk,4,192,5835743.21,2,5,3,2023-12-31,2023-12-27,5835743.21,192
CUST-00331,E-Commerce,International,<50K,48,True,Need Attention,4,170,4961446.99,2,3,2,2023-12-31,2023-12-27,4961446.99,170
CUST-00332,Retailer,Midwest,<50K,24,True,New Customers,0,134,3962681.0,5,1,1,2023-12-31,2023-12-31,3962681.0,134
CUST-00333,Distributor,International,200K-1M,72,True,At Risk,11,171,7662626.69,1,3,5,2023-12-31,2023-12-20,7662626.69,171
CUST-00334,Manufacturer,Southeast,50K-200K,24,True,Champions,1,182,8379107.63,4,4,5,2023-12-31,2023-12-30,8379107.63,182
CUST-00336,Manufacturer,West,<50K,24,True,At Risk,4,189,5586530.17,2,5,3,2023-12-31,2023-12-27,5586530.17,189
CUST-00337,Retailer,Northeast,<50K,24,True,New Customers,1,156,5062774.49,4,1,2,2023-12-31,2023-12-30,5062774.49,156
CUST-00338,Retailer,Midwest,50K-200K,24,True,Champions,1,183,6864539.03,4,4,4,2023-12-31,2023-12-30,6864539.03,183
CUST-00339,Distributor,West,<50K,48,True,Loyal Customers,3,188,7948807.3,3,5,5,2023-12-31,2023-12-28,7948807.3,188
CUST-00340,Retailer,Midwest,200K-1M,48,True,Champions,0,183,8752636.24,5,4,5,2023-12-31,2023-12-31,8752636.24,183
CUST-00341,Healthcare,Northeast,<50K,72,True,Loyal Customers,1,183,5936089.66,4,4,3,2023-12-31,2023-12-30,5936089.66,183
CUST-00342,Manufacturer,International,<50K,48,True,Need Attention,2,152,4818394.13,3,1,1,2023-12-31,2023-12-29,4818394.13,152
CUST-00344,E-Commerce,Northeast,50K-200K,24,True,Champions,0,178,7817563.3,5,4,5,2023-12-31,2023-12-31,7817563.3,178
CUST-00346,Distributor,Northeast,50K-200K,72,True,Need Attention,0,171,4029893.59,5,3,1,2023-12-31,2023-12-31,4029893.59,171
CUST-00348,Distributor,Southeast,50K-200K,48,True,Champions,0,181,7531092.06,5,4,5,2023-12-31,2023-12-31,7531092.06,181
CUST-00349,Retailer,West,<50K,48,True,Loyal Customers,3,173,6959017.01,3,3,5,2023-12-31,2023-12-28,6959017.01,173
CUST-00350,Distributor,Midwest,<50K,72,True,Need Attention,4,178,5460447.37,2,4,2,2023-12-31,2023-12-27,5460447.37,178
CUST-00351,Distributor,Southwest,>1M,24,True,At Risk,4,175,7795058.39,2,3,5,2023-12-31,2023-12-27,7795058.39,175
CUST-00352,Healthcare,West,200K-1M,48,True,Loyal Customers,0,179,6034148.9,5,4,3,2023-12-31,2023-12-31,6034148.9,179
CUST-00353,Government,Northeast,>1M,72,True,New Customers,0,158,4466532.38,5,1,1,2023-12-31,2023-12-31,4466532.38,158
CUST-00354,Distributor,Northeast,50K-200K,24,True,Potential Loyalists,0,179,4961835.96,5,4,2,2023-12-31,2023-12-31,4961835.96,179
CUST-00355,E-Commerce,Northeast,50K-200K,72,True,Potential Loyalists,3,182,4872588.19,3,4,2,2023-12-31,2023-12-28,4872588.19,182
CUST-00357,Retailer,Midwest,<50K,96,True,Loyal Customers,0,170,5573637.07,5,3,3,2023-12-31,2023-12-31,5573637.07,170
CUST-00358,Government,Southwest,200K-1M,48,True,Need Attention,8,171,4832333.16,1,3,1,2023-12-31,2023-12-23,4832333.16,171
CUST-00359,Manufacturer,International,<50K,72,True,Loyal Customers,0,170,5854076.98,5,3,3,2023-12-31,2023-12-31,5854076.98,170
CUST-00360,Distributor,Southeast,200K-1M,48,True,At Risk,6,191,7757089.32,2,5,5,2023-12-31,2023-12-25,7757089.32,191
CUST-00361,Distributor,Midwest,50K-200K,48,True,Loyal Customers,0,179,5702626.24,5,4,3,2023-12-31,2023-12-31,5702626.24,179
CUST-00362,Retailer,Midwest,<50K,24,True,New Customers,0,168,5079254.3,5,2,2,2023-12-31,2023-12-31,5079254.3,168
CUST-00363,Distributor,International,50K-200K,72,True,Champions,1,185,6298547.9,4,4,4,2023-12-31,2023-12-30,6298547.9,185
CUST-00365,Manufacturer,Southeast,<50K,48,True,New Customers,0,158,5591832.97,5,1,3,2023-12-31,2023-12-31,5591832.97,158
CUST-00366,Retailer,Southeast,200K-1M,24,True,New Customers,0,168,7776257.13,5,2,5,2023-12-31,2023-12-31,7776257.13,168
CUST-00367,Retailer,International,50K-200K,72,True,Need Attention,3,150,4229016.82,3,1,1,2023-12-31,2023-12-28,4229016.82,150
CUST-00368,Government,Northeast,<50K,72,True,Loyal Customers,3,186,6932529.91,3,5,4,2023-12-31,2023-12-28,6932529.91,186
CUST-00370,Retailer,West,>1M,48,True,At Risk,6,177,5542585.87,2,3,3,2023-12-31,2023-12-25,5542585.87,177
CUST-00372,Retailer,Southeast,200K-1M,72,True,Champions,0,180,8006691.69,5,4,5,2023-12-31,2023-12-31,8006691.69,180
CUST-00374,Retailer,Southwest,200K-1M,24,True,Loyal Customers,0,173,5635756.19,5,3,3,2023-12-31,2023-12-31,5635756.19,173
CUST-00375,Distributor,West,50K-200K,72,True,Need Attention,17,167,5691550.64,1,2,3,2023-12-31,2023-12-14,5691550.64,167
CUST-00377,Retailer,Southeast,<50K,72,True,Need Attention,17,163,7982585.14,1,2,5,2023-12-31,2023-12-14,7982585.14,163
CUST-00378,Government,Northeast,200K-1M,72,True,At Risk,8,175,5842108.62,1,3,3,2023-12-31,2023-12-23,5842108.62,175
CUST-00379,Healthcare,Southwest,50K-200K,96,True,Need Attention,4,175,5312312.61,2,3,2,2023-12-31,2023-12-27,5312312.61,175
CUST-00380,Retailer,West,50K-200K,48,True,Need Attention,6,171,5213890.48,2,3,2,2023-12-31,2023-12-25,5213890.48,171
CUST-00381,Government,Southeast,<50K,48,True,Need Attention,4,181,3196657.93,2,4,1,2023-12-31,2023-12-27,3196657.93,181
CUST-00383,Government,Southwest,50K-200K,24,True,At Risk,13,193,5650963.74,1,5,3,2023-12-31,2023-12-18,5650963.74,193
CUST-00384,E-Commerce,Southwest,200K-1M,72,True,Loyal Customers,2,174,5541165.68,3,3,3,2023-12-31,2023-12-29,5541165.68,174
CUST-00387,Manufacturer,International,50K-200K,72,True,Potential Loyalists,3,190,4848386.75,3,5,2,2023-12-31,2023-12-28,4848386.75,190
CUST-00388,E-Commerce,Southeast,<50K,96,True,At Risk,12,175,5759375.36,1,3,3,2023-12-31,2023-12-19,5759375.36,175
CUST-00389,Distributor,Southwest,50K-200K,72,True,Promising,4,159,6515694.03,2,1,4,2023-12-31,2023-12-27,6515694.03,159
CUST-00390,Manufacturer,Midwest,<50K,24,True,Loyal Customers,2,183,5963634.32,3,4,3,2023-12-31,2023-12-29,5963634.32,183
CUST-00391,Retailer,Midwest,50K-200K,72,True,Promising,4,168,8030637.19,2,2,5,2023-12-31,2023-12-27,8030637.19,168
CUST-00394,Retailer,Midwest,50K-200K,48,True,Loyal Customers,2,185,6276494.75,3,4,4,2023-12-31,2023-12-29,6276494.75,185
CUST-00395,Retailer,West,50K-200K,48,True,Loyal Customers,1,187,5932265.39,4,5,3,2023-12-31,2023-12-30,5932265.39,187
CUST-00396,Government,Southwest,<50K,48,True,Potential Loyalists,0,170,4886354.44,5,3,2,2023-12-31,2023-12-31,4886354.44,170
CUST-00397,Retailer,Northeast,>1M,96,True,Hibernating,8,167,5324048.37,1,2,2,2023-12-31,2023-12-23,5324048.37,167
CUST-00398,E-Commerce,Southwest,>1M,72,True,Champions,0,178,6988303.92,5,4,5,2023-12-31,2023-12-31,6988303.92,178
CUST-00399,Retailer,Midwest,50K-200K,72,True,Promising,4,169,7258003.18,2,2,5,2023-12-31,2023-12-27,7258003.18,169
CUST-00400,Government,Midwest,<50K,24,True,Hibernating,4,151,3881696.41,2,1,1,2023-12-31,2023-12-27,3881696.41,151
CUST-00401,Healthcare,Southwest,200K-1M,96,True,New Customers,0,158,4222096.07,5,1,1,2023-12-31,2023-12-31,4222096.07,158
CUST-00403,Government,West,<50K,72,True,Need Attention,1,170,4636812.1,4,3,1,2023-12-31,2023-12-30,4636812.1,170
CUST-00404,Retailer,International,50K-200K,24,True,At Risk,5,195,5938063.87,2,5,3,2023-12-31,2023-12-26,5938063.87,195
CUST-00405,Manufacturer,Midwest,50K-200K,24,True,Promising,5,166,6492795.77,2,2,4,2023-12-31,2023-12-26,6492795.77,166
CUST-00407,Government,International,50K-200K,24,True,Loyal Customers,0,212,5855878.17,5,5,3,2023-12-31,2023-12-31,5855878.17,212
CUST-00408,Retailer,West,50K-200K,48,True,At Risk,6,189,6361868.06,2,5,4,2023-12-31,2023-12-25,6361868.06,189
CUST-00410,Manufacturer,West,<50K,48,True,At Risk,6,182,5511223.24,2,4,3,2023-12-31,2023-12-25,5511223.24,182
CUST-00411,Retailer,Southwest,50K-200K,24,True,At Risk,4,184,7787165.45,2,4,5,2023-12-31,2023-12-27,7787165.45,184
CUST-00412,Retailer,International,200K-1M,48,True,At Risk,8,193,6321533.35,1,5,4,2023-12-31,2023-12-23,6321533.35,193
CUST-00413,Retailer,Midwest,50K-200K,24,True,Need Attention,3,179,4604841.34,3,4,1,2023-12-31,2023-12-28,4604841.34,179
CUST-00414,Retailer,West,50K-200K,24,True,Potential Loyalists,1,178,5090330.92,4,4,2,2023-12-31,2023-12-30,5090330.92,178
CUST-00415,E-Commerce,Southwest,50K-200K,48,True,New Customers,0,167,7575209.11,5,2,5,2023-12-31,2023-12-31,7575209.11,167
CUST-00417,Distributor,Southeast,200K-1M,72,True,New Customers,1,163,6333681.02,4,2,4,2023-12-31,2023-12-30,6333681.02,163
CUST-00421,Retailer,Southeast,<50K,72,True,Need Attention,1,186,4084130.24,4,5,1,2023-12-31,2023-12-30,4084130.24,186
CUST-00422,Retailer,Northeast,50K-200K,48,True,At Risk,8,174,5638997.09,1,3,3,2023-12-31,2023-12-23,5638997.09,174
CUST-00424,Manufacturer,Southwest,<50K,72,True,At Risk,8,181,7943209.88,1,4,5,2023-12-31,2023-12-23,7943209.88,181
CUST-00425,Distributor,Southeast,<50K,24,True,Potential Loyalists,2,160,5185871.19,3,1,2,2023-12-31,2023-12-29,5185871.19,160
CUST-00427,Manufacturer,International,<50K,48,True,Hibernating,5,151,3889715.16,2,1,1,2023-12-31,2023-12-26,3889715.16,151
CUST-00428,Manufacturer,Midwest,>1M,48,True,Lost,7,152,6898536.03,1,1,4,2023-12-31,2023-12-24,6898536.03,152
CUST-00431,Healthcare,West,200K-1M,24,True,Champions,0,184,6269661.16,5,4,4,2023-12-31,2023-12-31,6269661.16,184
CUST-00432,Retailer,Northeast,200K-1M,48,True,Need Attention,26,185,5329823.04,1,4,2,2023-12-31,2023-12-05,5329823.04,185
CUST-00433,Manufacturer,Southeast,<50K,72,True,Hibernating,4,164,5170650.07,2,2,2,2023-12-31,2023-12-27,5170650.07,164
CUST-00434,E-Commerce,West,200K-1M,48,True,Need Attention,2,161,3642315.42,3,1,1,2023-12-31,2023-12-29,3642315.42,161
CUST-00435,Distributor,Southeast,50K-200K,24,True,Need Attention,5,175,4841115.36,2,3,2,2023-12-31,2023-12-26,4841115.36,175
CUST-00436,Retailer,Southwest,50K-200K,72,True,Loyal Customers,0,176,6706583.55,5,3,4,2023-12-31,2023-12-31,6706583.55,176
CUST-00437,Retailer,Southwest,50K-200K,48,True,Need Attention,4,177,5268031.1,2,3,2,2023-12-31,2023-12-27,5268031.1,177
CUST-00438,Manufacturer,Southwest,200K-1M,72,True,Champions,0,180,6428256.83,5,4,4,2023-12-31,2023-12-31,6428256.83,180
CUST-00439,Healthcare,International,<50K,72,True,Lost,7,156,5545612.17,1,1,3,2023-12-31,2023-12-24,5545612.17,156
CUST-00442,E-Commerce,Southwest,200K-1M,96,True,At Risk,16,172,6036314.87,1,3,3,2023-12-31,2023-12-15,6036314.87,172
CUST-00443,E-Commerce,West,>1M,24,True,Champions,0,190,6718237.49,5,5,4,2023-12-31,2023-12-31,6718237.49,190
CUST-00445,Retailer,Midwest,>1M,24,True,At Risk,10,180,5813802.05,1,4,3,2023-12-31,2023-12-21,5813802.05,180
CUST-00446,Manufacturer,West,<50K,48,True,Champions,0,188,6762049.63,5,5,4,2023-12-31,2023-12-31,6762049.63,188
CUST-00447,Distributor,International,<50K,48,True,Loyal Customers,0,180,5535421.57,5,4,3,2023-12-31,2023-12-31,5535421.57,180
CUST-00448,Manufacturer,International,<50K,96,True,New Customers,1,150,5835964.0,4,1,3,2023-12-31,2023-12-30,5835964.0,150
CUST-00449,Retailer,West,<50K,96,True,Need Attention,3,174,3154908.17,3,3,1,2023-12-31,2023-12-28,3154908.17,174
CUST-00450,Retailer,International,50K-200K,24,True,Potential Loyalists,2,173,5048278.37,3,3,2,2023-12-31,2023-12-29,5048278.37,173
CUST-00453,Healthcare,Southeast,>1M,48,True,Loyal Customers,3,171,6319490.96,3,3,4,2023-12-31,2023-12-28,6319490.96,171
CUST-00454,Retailer,Northeast,200K-1M,24,True,Need Attention,1,181,4742340.12,4,4,1,2023-12-31,2023-12-30,4742340.12,181
CUST-00455,Manufacturer,Southeast,200K-1M,72,True,At Risk,4,183,5774892.42,2,4,3,2023-12-31,2023-12-27,5774892.42,183
CUST-00456,Distributor,Southeast,200K-1M,48,True,New Customers,0,156,4509877.16,5,1,1,2023-12-31,2023-12-31,4509877.16,156
CUST-00457,Manufacturer,Northeast,50K-200K,96,True,New Customers,1,143,5776036.55,4,1,3,2023-12-31,2023-12-30,5776036.55,143
CUST-00458,Retailer,West,<50K,48,True,New Customers,0,168,3375379.47,5,2,1,2023-12-31,2023-12-31,3375379.47,168
CUST-00459,Manufacturer,Southeast,<50K,48,True,Promising,4,164,6081543.38,2,2,4,2023-12-31,2023-12-27,6081543.38,164
CUST-00460,Manufacturer,Northeast,50K-200K,48,True,Loyal Customers,0,174,6381199.84,5,3,4,2023-12-31,2023-12-31,6381199.84,174
CUST-00461,Retailer,Southeast,<50K,72,True,Loyal Customers,3,191,9806756.74,3,5,5,2023-12-31,2023-12-28,9806756.74,191
CUST-00462,Retailer,Midwest,50K-200K,48,True,New Customers,0,166,5937303.33,5,2,3,2023-12-31,2023-12-31,5937303.33,166
CUST-00463,Manufacturer,West,<50K,72,True,Need Attention,8,182,5357383.75,1,4,2,2023-12-31,2023-12-23,5357383.75,182
CUST-00464,Healthcare,Southwest,<50K,48,True,Hibernating,4,163,4864796.12,2,2,2,2023-12-31,2023-12-27,4864796.12,163
CUST-00465,Retailer,Southeast,50K-200K,72,True,Potential Loyalists,1,175,5187883.14,4,3,2,2023-12-31,2023-12-30,5187883.14,175
CUST-00466,E-Commerce,Midwest,50K-200K,48,True,At Risk,4,183,5721454.71,2,4,3,2023-12-31,2023-12-27,5721454.71,183
CUST-00467,Government,Southwest,50K-200K,24,True,New Customers,0,162,4173106.8,5,2,1,2023-12-31,2023-12-31,4173106.8,162
CUST-00468,Manufacturer,Southwest,50K-200K,72,True,Loyal Customers,2,202,7559223.77,3,5,5,2023-12-31,2023-12-29,7559223.77,202
CUST-00471,Distributor,Southeast,200K-1M,72,True,Lost,7,152,6990693.09,1,1,5,2023-12-31,2023-12-24,6990693.09,152
CUST-00472,Retailer,Midwest,50K-200K,48,True,At Risk,4,188,7046483.7,2,5,5,2023-12-31,2023-12-27,7046483.7,188
CUST-00473,Retailer,Southwest,<50K,72,True,At Risk,10,182,7399424.22,1,4,5,2023-12-31,2023-12-21,7399424.22,182
CUST-00474,E-Commerce,Southeast,200K-1M,48,True,New Customers,0,164,6034926.08,5,2,3,2023-12-31,2023-12-31,6034926.08,164
CUST-00475,E-Commerce,Northeast,<50K,72,True,Need Attention,9,184,5165890.92,1,4,2,2023-12-31,2023-12-22,5165890.92,184
CUST-00476,Retailer,Southeast,50K-200K,24,True,Potential Loyalists,3,184,5436135.95,3,4,2,2023-12-31,2023-12-28,5436135.95,184
CUST-00477,Manufacturer,West,<50K,48,True,Potential Loyalists,3,167,6638659.55,3,2,4,2023-12-31,2023-12-28,6638659.55,167
CUST-00478,E-Commerce,Northeast,50K-200K,96,True,Hibernating,5,155,4719522.34,2,1,1,2023-12-31,2023-12-26,4719522.34,155
CUST-00479,E-Commerce,Midwest,50K-200K,72,True,Loyal Customers,1,184,5830552.2,4,4,3,2023-12-31,2023-12-30,5830552.2,184
CUST-00480,Distributor,Southwest,<50K,48,True,Loyal Customers,1,181,5495449.13,4,4,3,2023-12-31,2023-12-30,5495449.13,181
CUST-00481,Distributor,Southeast,200K-1M,48,True,Lost,8,155,3346453.69,1,1,1,2023-12-31,2023-12-23,3346453.69,155
CUST-00483,Retailer,West,<50K,48,True,Champions,1,191,7698908.3,4,5,5,2023-12-31,2023-12-30,7698908.3,191
CUST-00484,Retailer,Northeast,<50K,72,True,At Risk,7,171,5489820.22,1,3,3,2023-12-31,2023-12-24,5489820.22,171
CUST-00485,Retailer,International,<50K,72,True,Need Attention,7,171,5154703.29,1,3,2,2023-12-31,2023-12-24,5154703.29,171
CUST-00486,Distributor,West,<50K,24,True,New Customers,0,160,4994898.56,5,1,2,2023-12-31,2023-12-31,4994898.56,160
CUST-00487,Distributor,Midwest,50K-200K,24,True,At Risk,4,185,7530799.08,2,4,5,2023-12-31,2023-12-27,7530799.08,185
CUST-00489,Manufacturer,Midwest,50K-200K,24,True,Hibernating,4,163,3419291.93,2,2,1,2023-12-31,2023-12-27,3419291.93,163
CUST-00491,Government,Northeast,<50K,96,True,Need Attention,5,171,5460539.68,2,3,2,2023-12-31,2023-12-26,5460539.68,171
CUST-00492,Healthcare,International,<50K,48,True,At Risk,4,175,7966206.29,2,3,5,2023-12-31,2023-12-27,7966206.29,175
CUST-00494,Distributor,West,200K-1M,48,True,Need Attention,3,154,3783571.15,3,1,1,2023-12-31,2023-12-28,3783571.15,154
CUST-00495,Retailer,Northeast,<50K,48,True,New Customers,1,147,5962760.36,4,1,3,2023-12-31,2023-12-30,5962760.36,147
CUST-00496,E-Commerce,International,50K-200K,24,True,At Risk,6,174,5489821.53,2,3,3,2023-12-31,2023-12-25,5489821.53,174
CUST-00497,E-Commerce,Northeast,200K-1M,48,True,Need Attention,5,175,4413814.07,2,3,1,2023-12-31,2023-12-26,4413814.07,175
CUST-00499,E-Commerce,Midwest,200K-1M,48,True,Hibernating,12,167,4625080.51,1,2,1,2023-12-31,2023-12-19,4625080.51,167
CUST-00500,Retailer,West,50K-200K,72,True,Loyal Customers,0,199,5738026.32,5,5,3,2023-12-31,2023-12-31,5738026.32,199
